﻿<?xml version="1.0"?>
<doc>
<assembly>
<name>
psvitahomebrewsdownloader
</name>
</assembly>
<members>
<member name="P:psvita_homebrews_downloader.My.Resources.Resources.ResourceManager">
	<summary>
  Retourne l'instance ResourceManager mise en cache utilisée par cette classe.
</summary>
</member><member name="P:psvita_homebrews_downloader.My.Resources.Resources.Culture">
	<summary>
  Remplace la propriété CurrentUICulture du thread actuel pour toutes
  les recherches de ressources à l'aide de cette classe de ressource fortement typée.
</summary>
</member><member name="P:psvita_homebrews_downloader.My.Resources.Resources.adrenaline">
	<summary>
  Recherche une ressource localisée de type System.Drawing.Bitmap.
</summary>
</member><member name="P:psvita_homebrews_downloader.My.Resources.Resources.Capture">
	<summary>
  Recherche une ressource localisée de type System.Drawing.Bitmap.
</summary>
</member><member name="P:psvita_homebrews_downloader.My.Resources.Resources.gene_gxvita">
	<summary>
  Recherche une ressource localisée de type System.Drawing.Bitmap.
</summary>
</member><member name="P:psvita_homebrews_downloader.My.Resources.Resources.retro_arch">
	<summary>
  Recherche une ressource localisée de type System.Drawing.Bitmap.
</summary>
</member><member name="P:psvita_homebrews_downloader.My.Resources.Resources.VHBB">
	<summary>
  Recherche une ressource localisée de type System.Drawing.Bitmap.
</summary>
</member><member name="P:psvita_homebrews_downloader.My.Resources.Resources.vita_doom">
	<summary>
  Recherche une ressource localisée de type System.Drawing.Bitmap.
</summary>
</member><member name="P:psvita_homebrews_downloader.My.Resources.Resources.vita_shell">
	<summary>
  Recherche une ressource localisée de type System.Drawing.Bitmap.
</summary>
</member><member name="T:psvita_homebrews_downloader.My.Resources.Resources">
	<summary>
  Une classe de ressource fortement typée destinée, entre autres, à la consultation des chaînes localisées.
</summary>
</member>
</members>
</doc>